{
"Colonialism": "bewindhebber,bewindvoerder,bomba,bombay,cimarron,derde wereld,dwerg,expeditie,gouverneur,halfbloed,hottentot,inboorling,indiaan,indisch,indo,inheems,inlander,jap,jappen,jappenkampen,kaffer,kaffir,kafir,koelie,kolonie,lagelonenland,landhuis,marron,marronage,missie,missionaris,moor,moors,moren,mulat,octroon,ontdekken,ontdekking,ontdekkingsreis,ontwikkelingsland,oorspronkelijk,oosters,opperhoofd,oriëntaals,pinda,politionele actie,primitief,primitieven,pygmee,ras,rasch,slaaf,stam,stamhoofd,traditioneel,tropisch,westers,wilden,zendeling,zendelingen,zending",
"Discrimination": "aboriginal,aborigines,afkomst,afrikaan,allochtoon,ambachtsslaaf,autochtoon,baboe,barbaar,basja,bastiaan,berber,blank,boschneger,boschnegerin,boschnegers,boslandcreool,bosneger,bosnegerin,bosnegers,casties,cimarron,creolen,creolenmoeder,creool,eskimo,etniciteit,etnische minderheden,exotisch,futoboi,gastarbeider,gekleurd,halfbloed,hottentot,immigrant,inboorling,indiaan,indiaans,indianen,indianin inheems,inlander,inlands,jap,jappen,jappenkampen,kaffer,kaffir,kafir,karboeger,karboneger,kasties,kaukasisch,khoi,kioromama,kleurling,koeli,koelie,koppensneller,mardijker,marron,marronage,mesties,migrant,mongolide,mongool,moor,moors,moren,morenhoofd,morenkop,mulat,mulatten,mulattin,neger,negerin,negros,negroïde,njai,oorsprong,opperhoofd,piraat,piraterij,poesties,primitief,primitieven,pygmee,quadroon,raciaal,racisme,ras,roots,scalp,skalp,slaaf,slavenhandel,stam,stamhoofd,swart,swarte,swartin,testies,voetoboy,wildeman,wilden,wit,zigeuner,zwart,zwarte,zwarte mensen,zwarten,zwartin",
"Gender & Sexuality": "gay,hermafrodiet,homo,queer,trans,transgender,transsexueel",
"Slavery": "abolitionist,admiraliteit,angisa,baboe,baljaren,bediende,brandmerk,compagnie,contractarbeid,contractarbeider,dienaar,dienstbode,dienstmeid,dienstmeisje,herendiensten,huisslaaf,kamerling,knecht,koopvaardij,kostgrond,kostgrondje,kotomisie,kotomissie,lijfeigene,manumissie,marron,negerslaaf,opstand,page,plantaadje,plantage,plantage-eigenaar plantagehouder,plantagie,planter,poenale sanctie,schuldslavernij,slaaf,slaven,slavenhaler,slavenhandel,slavenmarkt,slavenschip,slavernij,slavin,spaanse bok,suikermolen,veiling,veldslaaf,vrijbrief,vrijgekocht,vrijverklaard,wegloper,wegloperskas,winti,zweep,zwepen",
"Slavery Locations": "abolitionist,admiraliteit,angisa,baboe,baljaren,bediende,brandmerk,compagnie,contractarbeid,contractarbeider,dienaar,dienstbode,dienstmeid,dienstmeisje,herendiensten,huisslaaf,kamerling,knecht,koopvaardij,kostgrond,kostgrondje,kotomisie,kotomissie,lijfeigene,manumissie,marron,negerslaaf,opstand,page,plantaadje,plantage,plantage-eigenaar plantagehouder,plantagie,planter,poenale sanctie,schuldslavernij,slaaf,slaven,slavenhaler,slavenhandel,slavenmarkt,slavenschip,slavernij,slavin,spaanse bok,suikermolen,veiling,veldslaaf,vrijbrief,vrijgekocht,vrijverklaard,wegloper,wegloperskas,winti,zweep,zwepen",
"Slavery Products": "amboinahout,bakkeljauw,bidkleed,bont,borstdoek,brandewijn,cauri,coffy,coromandelhout,djatihout,gemberpot,geweer,globe,goud,grein,haarlems bontje,haarlems streepje,hemelbol,hoofdtooi,ikatdoek,ikatten,indigo,ivoor,jenever,kapok,katoen,kauri,keramiek,koffie,koffy,koper,koto,lendedoek,lijnwaad,nautilusschelp,nootmuskaat,oostersche tapijt,oosterse tapijt,osnabrucks linnen,osnabrugs linnen,pangi,panji,pantje,parelmoer,peper,porcelein,porselein,raffles-stoel,scheepsmodel,schelp,snaphaan,suiker,suyker,tabak,tabakspot,textiel,tulband,veren,verfhout,verteldoek,vries,wereldbol,zeeglobe,zout,zoutvlees"
}
